Symbol,Direction,Entry Time,Exit Time,Entry Price,Exit Price,Entry Reason,Exit Reason,Gross PnL (%),Fees (%),Slippage (%),Funding (%),Execution Costs (%),Net PnL (%),Holding Time (ms),ADX,ATR,RSI,EMA Spread (%),HTF Trend,Confidence,Final Score,Triggered Rules
BTCUSDT,BULLISH,1609545600000,1609632000000,29337.1600,32554.5084,confidence_threshold,take_profit,10.97,0.040,0.000,0.000,0.040,10.93,86400000,51.38,1429.9326,82.63,10.11,1.00,0.97,1.00,"ema_trend:0.25, higher_tf_trend:0.30, rsi_momentum:0.20"
BTCUSDT,BULLISH,1609718400000,1609804800000,33054.5300,30451.7796,confidence_threshold,stop_loss,-7.87,0.070,0.050,0.000,0.120,-7.99,86400000,55.60,1735.1669,87.98,11.85,1.00,1.00,1.00,"ema_trend:0.25, higher_tf_trend:0.30, rsi_momentum:0.20"
BTCUSDT,BULLISH,1609891200000,1609977600000,33999.5200,38978.6723,confidence_threshold,take_profit,14.64,0.040,0.000,0.000,0.040,14.60,86400000,53.01,2212.9566,83.28,12.10,1.00,1.00,1.00,"ema_trend:0.25, higher_tf_trend:0.30, rsi_momentum:0.20"
BTCUSDT,BULLISH,1610064000000,1610236800000,39498.9200,35817.4995,confidence_threshold,stop_loss,-9.32,0.070,0.050,0.000,0.120,-9.44,172800000,52.95,2454.2804,88.72,14.33,1.00,1.00,1.00,"ema_trend:0.25, higher_tf_trend:0.30, rsi_momentum:0.20"
BTCUSDT,BULLISH,1610323200000,1610409600000,38221.6700,33820.5625,confidence_threshold,stop_loss,-11.51,0.070,0.050,0.000,0.120,-11.63,86400000,52.51,2934.0717,76.52,14.41,1.00,1.00,1.00,"ema_trend:0.25, higher_tf_trend:0.30, rsi_momentum:0.20"
BTCUSDT,BULLISH,1610496000000,1611273600000,34056.9000,29040.0841,confidence_threshold,stop_loss,-14.73,0.070,0.050,0.000,0.120,-14.85,777600000,46.13,3344.5440,59.77,10.72,1.00,0.89,0.47,"ema_trend:0.25, higher_tf_trend:0.30, rsi_momentum:0.09, volume_confirmation:-0.20"
BTCUSDT,BULLISH,1611360000000,1612742400000,32986.3400,41092.9826,confidence_threshold,take_profit,24.58,0.040,0.000,0.000,0.040,24.54,1382400000,28.10,3602.9523,49.57,1.80,1.00,1.00,1.00,"ema_trend:0.25, higher_tf_trend:0.30"
BTCUSDT,BULLISH,1612828800000,1613692800000,46451.3200,54142.1375,confidence_threshold,take_profit,16.56,0.040,0.000,0.000,0.040,16.52,864000000,23.67,3418.1411,75.26,6.65,1.00,1.00,1.00,"ema_trend:0.25, higher_tf_trend:0.30, rsi_momentum:0.20"
BTCUSDT,BULLISH,1613779200000,1613952000000,56004.1000,50772.3026,confidence_threshold,stop_loss,-9.34,0.070,0.050,0.000,0.120,-9.46,172800000,37.45,3487.8649,78.95,10.54,1.00,1.00,1.00,"ema_trend:0.25, higher_tf_trend:0.30, rsi_momentum:0.20"
BTCUSDT,BULLISH,1614038400000,1614124800000,54121.1000,48238.1131,confidence_threshold,stop_loss,-10.87,0.070,0.050,0.000,0.120,-10.99,86400000,38.90,3921.9912,68.73,10.34,1.00,0.92,0.98,"ema_trend:0.25, higher_tf_trend:0.30, rsi_momentum:0.19"
BTCUSDT,BULLISH,1614211200000,1614470400000,49702.0300,43222.3626,confidence_threshold,stop_loss,-13.04,0.070,0.050,0.000,0.120,-13.16,259200000,34.12,4319.7783,56.87,7.19,1.00,0.89,0.43,"ema_trend:0.25, higher_tf_trend:0.30, rsi_momentum:0.06, volume_confirmation:-0.20"
BTCUSDT,BULLISH,1614556800000,1615248000000,45163.3600,54812.3030,confidence_threshold,take_profit,21.36,0.040,0.000,0.000,0.040,21.32,691200000,27.03,4288.4191,47.31,1.73,1.00,0.92,0.71,"ema_trend:0.25, higher_tf_trend:0.30, rsi_momentum:-0.02"
BTCUSDT,BULLISH,1615334400000,1618272000000,54917.7800,63522.8783,confidence_threshold,take_profit,15.67,0.040,0.000,0.000,0.040,15.63,2937600000,19.82,3824.4881,64.82,3.17,1.00,0.92,0.93,"ema_trend:0.25, higher_tf_trend:0.30, rsi_momentum:0.15"
BTCUSDT,BULLISH,1618358400000,1618704000000,63649.7100,59334.5260,confidence_threshold,stop_loss,-6.78,0.070,0.050,0.000,0.120,-6.90,345600000,21.41,2876.7893,67.41,2.61,1.00,0.92,0.96,"ema_trend:0.25, higher_tf_trend:0.30, rsi_momentum:0.17"
BTCUSDT,BULLISH,1618790400000,1619049600000,56140.0500,50990.6242,confidence_threshold,stop_loss,-9.17,0.070,0.050,0.000,0.120,-9.29,259200000,24.69,3432.9506,43.69,1.41,1.00,0.92,0.66,"ema_trend:0.25, higher_tf_trend:0.30, rsi_momentum:-0.06"
BTCUSDT,BULLISH,1619136000000,1620864000000,51714.6100,46413.8293,confidence_threshold,stop_loss,-10.25,0.070,0.050,0.000,0.120,-10.37,1728000000,26.53,3533.8538,35.12,-1.97,1.00,0.92,0.45,"ema_trend:0.18, higher_tf_trend:0.30, rsi_momentum:-0.15"
BTCUSDT,BULLISH,1621036800000,1621123200000,49873.2700,43951.4709,confidence_threshold,stop_loss,-11.87,0.070,0.050,0.000,0.120,-11.99,86400000,24.24,3947.8661,38.59,-2.59,1.00,0.86,0.56,"higher_tf_trend:0.30, rsi_momentum:-0.11, volume_confirmation:0.20"
BTCUSDT,BEARISH,1621555200000,1624320000000,40500.3000,29114.6970,confidence_threshold,take_profit,28.11,0.040,0.000,0.000,0.040,28.07,2764800000,38.86,5060.2680,32.32,-9.27,1.00,0.89,-0.34,"ema_trend:-0.25, higher_tf_trend:0.30, rsi_momentum:-0.18, volume_confirmation:-0.20"
BTCUSDT,BEARISH,1624406400000,1627257600000,32496.0000,37495.7552,confidence_threshold,stop_loss,-15.39,0.070,0.050,0.000,0.120,-15.51,2851200000,39.50,3333.1702,37.52,-4.11,1.00,0.89,-0.28,"ema_trend:-0.25, higher_tf_trend:0.30, rsi_momentum:-0.12, volume_confirmation:-0.19"
BTCUSDT,BULLISH,1627344000000,1628208000000,37218.0900,43106.9565,confidence_threshold,take_profit,15.82,0.040,0.000,0.000,0.040,15.78,864000000,25.20,2617.2740,63.89,1.44,1.00,0.92,0.25,"ema_trend:-0.25, higher_tf_trend:0.30, rsi_momentum:0.14"
BTCUSDT,BULLISH,1628294400000,1629417600000,42825.4300,48888.8611,confidence_threshold,take_profit,14.16,0.040,0.000,0.000,0.040,14.12,1123200000,39.88,2694.8582,68.22,5.39,1.00,0.92,0.83,"ema_trend:0.14, higher_tf_trend:0.30, rsi_momentum:0.18"
BTCUSDT,BULLISH,1629504000000,1630972800000,49332.7400,45450.1703,confidence_threshold,stop_loss,-7.87,0.070,0.050,0.000,0.120,-7.99,1468800000,44.04,2588.3798,69.20,5.07,1.00,0.92,0.99,"ema_trend:0.25, higher_tf_trend:0.30, rsi_momentum:0.19"
BTCUSDT,BULLISH,1631059200000,1632096000000,46864.3900,42654.1578,confidence_threshold,stop_loss,-8.98,0.070,0.050,0.000,0.120,-9.10,1036800000,31.46,2806.8215,48.03,2.41,1.00,0.92,0.72,"ema_trend:0.25, higher_tf_trend:0.30, rsi_momentum:-0.01"
BTCUSDT,BULLISH,1632182400000,1633219200000,43026.6000,48670.6537,confidence_threshold,take_profit,13.12,0.040,0.000,0.000,0.040,13.08,1036800000,26.90,2508.4683,38.98,-0.99,1.00,0.92,0.45,"ema_trend:0.14, higher_tf_trend:0.30, rsi_momentum:-0.11"
BTCUSDT,BULLISH,1633305600000,1633478400000,48187.3000,54035.0271,confidence_threshold,take_profit,12.14,0.040,0.000,0.000,0.040,12.10,172800000,27.71,2598.9898,57.93,0.51,1.00,0.88,0.75,"higher_tf_trend:0.30, rsi_momentum:0.07"
BTCUSDT,BULLISH,1633564800000,1634256000000,55321.6000,61766.9837,confidence_threshold,take_profit,11.65,0.040,0.000,0.000,0.040,11.61,691200000,27.36,2864.6150,70.64,4.09,1.00,1.00,0.78,"ema_trend:0.13, higher_tf_trend:0.30, rsi_momentum:0.20"
BTCUSDT,BULLISH,1634342400000,1636502400000,61702.3300,68751.1196,confidence_threshold,take_profit,11.42,0.040,0.000,0.000,0.040,11.38,2160000000,37.38,3132.7954,74.60,7.09,1.00,1.00,1.00,"ema_trend:0.25, higher_tf_trend:0.30, rsi_momentum:0.20"
BTCUSDT,BULLISH,1636588800000,1637020800000,64920.1300,60093.2657,confidence_threshold,stop_loss,-7.44,0.070,0.050,0.000,0.120,-7.56,432000000,31.62,3217.9096,59.29,2.99,1.00,0.92,0.85,"ema_trend:0.25, higher_tf_trend:0.30, rsi_momentum:0.09"
BTCUSDT,BULLISH,1637107200000,1637625600000,60106.0300,55461.4792,confidence_threshold,stop_loss,-7.73,0.070,0.050,0.000,0.120,-7.85,518400000,24.57,3096.3672,44.78,1.09,1.00,0.92,0.67,"ema_trend:0.25, higher_tf_trend:0.30, rsi_momentum:-0.04"
BTCUSDT,BULLISH,1637712000000,1638489600000,57574.2300,53047.8326,confidence_threshold,stop_loss,-7.86,0.070,0.050,0.000,0.120,-7.98,777600000,23.40,3017.5983,42.66,-2.33,1.00,0.92,0.49,"ema_trend:0.14, higher_tf_trend:0.30, rsi_momentum:-0.07"
BTCUSDT,BULLISH,1638576000000,1638662400000,53612.0000,48798.2454,confidence_threshold,stop_loss,-8.98,0.070,0.050,0.000,0.120,-9.10,86400000,21.88,3209.1697,38.39,-2.62,1.00,0.88,0.38,"higher_tf_trend:0.30, rsi_momentum:-0.11"
BTCUSDT,BEARISH,1641513600000,1642723200000,43080.0100,37569.0241,confidence_threshold,take_profit,12.79,0.040,0.000,0.000,0.040,12.75,1209600000,32.98,2449.3270,32.11,-3.48,1.00,0.89,-0.33,"ema_trend:-0.25, higher_tf_trend:0.30, rsi_momentum:-0.18, volume_confirmation:-0.19"
BTCUSDT,BULLISH,1644278400000,1645056000000,43829.9900,40536.0659,confidence_threshold,stop_loss,-7.52,0.070,0.050,0.000,0.120,-7.64,777600000,32.20,2195.9494,62.96,1.19,1.00,0.92,0.23,"ema_trend:-0.25, higher_tf_trend:0.30, rsi_momentum:0.13"
BTCUSDT,BULLISH,1645142400000,1645401600000,40491.7000,37264.6842,confidence_threshold,stop_loss,-7.97,0.070,0.050,0.000,0.120,-8.09,259200000,24.46,2151.3438,45.41,1.60,1.00,0.92,0.20,"ema_trend:-0.11, higher_tf_trend:0.30, rsi_momentum:-0.04"
BTCUSDT,BULLISH,1645833600000,1646092800000,39205.4000,44463.6578,confidence_threshold,take_profit,13.41,0.040,0.000,0.000,0.040,13.37,259200000,24.20,2337.0035,45.98,-2.30,0.86,0.89,0.24,"ema_trend:-0.20, higher_tf_trend:0.26, rsi_momentum:-0.03, volume_confirmation:0.20"
BTCUSDT,BULLISH,1646179200000,1646352000000,44394.1000,40434.0156,confidence_threshold,stop_loss,-8.92,0.070,0.050,0.000,0.120,-9.04,172800000,22.04,2640.0563,61.37,0.47,0.63,0.89,0.28,"ema_trend:-0.13, higher_tf_trend:0.19, rsi_momentum:0.11, volume_confirmation:0.11"
BTCUSDT,BULLISH,1647993600000,1648425600000,42349.8000,47124.0189,confidence_threshold,take_profit,11.27,0.040,0.000,0.000,0.040,11.23,432000000,13.41,2121.8751,56.49,1.31,0.18,0.70,0.29,"ema_trend:-0.03, higher_tf_trend:0.05, rsi_momentum:0.06"
BTCUSDT,BULLISH,1648512000000,1648771200000,47121.9000,44219.6681,confidence_threshold,stop_loss,-6.16,0.070,0.050,0.000,0.120,-6.28,259200000,21.01,1934.8213,69.35,4.12,0.25,0.80,0.50,"ema_trend:0.11, higher_tf_trend:0.08, rsi_momentum:0.19"
BTCUSDT,BULLISH,1648857600000,1649203200000,46266.2000,43390.5264,confidence_threshold,stop_loss,-6.22,0.070,0.050,0.000,0.120,-6.34,345600000,24.23,1917.1158,62.35,3.99,0.25,0.80,0.49,"ema_trend:0.17, higher_tf_trend:0.08, rsi_momentum:0.12"
BTCUSDT,BULLISH,1649289600000,1649635200000,43159.7000,40266.2534,confidence_threshold,stop_loss,-6.70,0.070,0.050,0.000,0.120,-6.82,345600000,21.78,1928.9644,46.86,2.03,0.31,0.85,0.32,"ema_trend:0.17, higher_tf_trend:0.09, rsi_momentum:-0.02"
BTCUSDT,BEARISH,1649808000000,1650499200000,40060.7000,42842.1908,confidence_threshold,stop_loss,-6.94,0.070,0.050,0.000,0.120,-7.06,691200000,19.16,1854.3272,38.00,-1.96,0.25,0.74,-0.23,"ema_trend:0.05, higher_tf_trend:0.07, rsi_momentum:-0.12, volume_confirmation:-0.12"
BTCUSDT,BEARISH,1650585600000,1651708800000,40449.8000,36334.6280,confidence_threshold,take_profit,10.17,0.040,0.000,0.000,0.040,10.13,1123200000,19.86,1828.9653,43.40,-1.86,0.13,0.80,-0.29,"ema_trend:-0.05, higher_tf_trend:0.04, rsi_momentum:-0.06"
BTCUSDT,BEARISH,1651795200000,1652054400000,36534.7000,32239.5995,confidence_threshold,take_profit,11.76,0.040,0.000,0.000,0.040,11.72,259200000,28.41,1908.9336,38.34,-2.51,-0.10,0.87,-0.61,"ema_trend:-0.16, higher_tf_trend:-0.03, rsi_momentum:-0.11"
BTCUSDT,BEARISH,1652140800000,1655078400000,30056.6000,25517.8921,confidence_threshold,take_profit,15.10,0.040,0.000,0.000,0.040,15.06,2937600000,32.51,2017.2035,24.61,-5.75,-0.32,0.90,-0.63,"ema_trend:-0.25, higher_tf_trend:-0.10, rsi_momentum:-0.20"
BTCUSDT,BEARISH,1655164800000,1655510400000,22471.5000,18324.0933,confidence_threshold,take_profit,18.46,0.040,0.000,0.000,0.040,18.42,345600000,26.51,1843.2919,24.17,-4.92,-1.00,1.00,-1.00,"ema_trend:-0.25, higher_tf_trend:-0.30, rsi_momentum:-0.20"
BTCUSDT,BEARISH,1655596800000,1657238400000,18959.7000,22019.5611,confidence_threshold,stop_loss,-16.14,0.070,0.050,0.000,0.120,-16.26,1641600000,37.78,2039.9074,20.33,-11.94,-1.00,1.00,-1.00,"ema_trend:-0.25, higher_tf_trend:-0.30, rsi_momentum:-0.20"
BTCUSDT,BEARISH,1657324800000,1658188800000,21587.9000,23707.5823,confidence_threshold,stop_loss,-9.82,0.070,0.050,0.000,0.120,-9.94,864000000,35.98,1413.1215,47.41,-2.99,-1.00,0.92,-0.76,"ema_trend:-0.25, higher_tf_trend:-0.30, rsi_momentum:-0.02"
BTCUSDT,BEARISH,1658275200000,1661472000000,23385.9000,20343.1748,confidence_threshold,take_profit,13.01,0.040,0.000,0.000,0.040,12.97,3196800000,22.34,1352.3223,61.43,1.09,-1.00,0.92,-0.59,"ema_trend:-0.25, higher_tf_trend:-0.30, rsi_momentum:0.11"
BTCUSDT,BEARISH,1661558400000,1662768000000,20228.7000,21758.2409,confidence_threshold,stop_loss,-7.56,0.070,0.050,0.000,0.120,-7.68,1209600000,20.49,1019.6939,32.73,-3.04,-1.00,0.92,-0.80,"ema_trend:-0.13, higher_tf_trend:-0.30, rsi_momentum:-0.17"
BTCUSDT,BEARISH,1662854400000,1663200000000,21639.5000,19528.6584,confidence_threshold,take_profit,9.75,0.040,0.000,0.000,0.040,9.71,345600000,24.86,938.1518,56.55,-1.34,-1.00,0.90,-0.36,"ema_trend:-0.23, higher_tf_trend:-0.30, rsi_momentum:0.06, volume_confirmation:0.13"
BTCUSDT,BEARISH,1663286400000,1667520000000,19690.8000,21248.8304,confidence_threshold,stop_loss,-7.91,0.070,0.050,0.000,0.120,-8.03,4233600000,21.23,1038.6869,42.43,-0.75,-1.00,0.92,-0.74,"ema_trend:-0.18, higher_tf_trend:-0.30, rsi_momentum:-0.07"
BTCUSDT,BEARISH,1667606400000,1667865600000,21137.6000,19655.0256,confidence_threshold,take_profit,7.01,0.040,0.000,0.000,0.040,6.97,259200000,17.26,658.9220,64.10,1.66,-1.00,0.89,-0.32,"higher_tf_trend:-0.30, rsi_momentum:0.14"
BTCUSDT,BEARISH,1667952000000,1668038400000,18534.0000,16589.3858,confidence_threshold,take_profit,10.49,0.040,0.000,0.000,0.040,10.45,86400000,19.96,864.2730,36.06,0.42,-1.00,0.89,-0.87,"higher_tf_trend:-0.30, rsi_momentum:-0.14"
BTCUSDT,BEARISH,1668124800000,1673568000000,17588.0000,19283.3217,confidence_threshold,stop_loss,-9.64,0.070,0.050,0.000,0.120,-9.76,5443200000,24.60,1130.2144,38.17,-2.83,-1.00,0.81,-0.72,"ema_trend:-0.07, higher_tf_trend:-0.30, rsi_momentum:-0.11, volume_confirmation:-0.20"
BTCUSDT,BEARISH,1673913600000,1674172800000,21188.3000,22043.2021,confidence_threshold,stop_loss,-4.03,0.070,0.050,0.000,0.120,-4.15,259200000,36.59,569.9347,88.63,6.37,-1.00,0.97,-0.22,"ema_trend:0.18, higher_tf_trend:-0.30, rsi_momentum:0.20"
BTCUSDT,BULLISH,1676592000000,1677801600000,23526.6000,22180.1067,confidence_threshold,stop_loss,-5.72,0.070,0.050,0.000,0.120,-5.84,1209600000,37.72,897.6622,60.04,1.29,-1.00,0.90,0.21,"ema_trend:0.25, higher_tf_trend:-0.30, rsi_momentum:0.10, volume_confirmation:0.16"
BTCUSDT,BEARISH,1677888000000,1678320000000,22342.8000,20232.1029,confidence_threshold,take_profit,9.45,0.040,0.000,0.000,0.040,9.41,432000000,28.21,938.0876,42.93,-0.05,-1.00,0.92,-0.20,"ema_trend:0.21, higher_tf_trend:-0.30, rsi_momentum:-0.06"
BTCUSDT,BEARISH,1678406400000,1678579200000,20348.3000,21664.7365,confidence_threshold,stop_loss,-6.47,0.070,0.050,0.000,0.120,-6.59,172800000,22.10,877.6244,29.33,-2.50,-1.00,0.92,-0.39,"ema_trend:0.08, higher_tf_trend:-0.30, rsi_momentum:-0.20"
BTCUSDT,BEARISH,1678665600000,1678752000000,21986.2000,23414.5462,confidence_threshold,stop_loss,-6.50,0.070,0.050,0.000,0.120,-6.62,86400000,22.61,952.2308,47.33,-2.99,-1.00,0.89,-0.64,"higher_tf_trend:-0.30, rsi_momentum:-0.02"
BTCUSDT,BEARISH,1679097600000,1681084800000,27384.0000,29338.8513,confidence_threshold,stop_loss,-7.14,0.070,0.050,0.000,0.120,-7.26,1987200000,27.51,1303.2342,72.08,3.39,-1.00,0.97,-0.25,"ema_trend:0.16, higher_tf_trend:-0.30, rsi_momentum:0.20"
BTCUSDT,BULLISH,1681689600000,1681862400000,30286.6000,28863.7305,confidence_threshold,stop_loss,-4.70,0.070,0.050,0.000,0.120,-4.82,172800000,39.71,948.5797,68.78,3.39,-0.88,0.84,0.23,"ema_trend:0.25, higher_tf_trend:-0.26, rsi_momentum:0.19"
BTCUSDT,BULLISH,1682640000000,1682899200000,29459.0000,27680.1160,confidence_threshold,stop_loss,-6.04,0.070,0.050,0.000,0.120,-6.16,259200000,26.11,1185.9227,57.57,-0.01,-0.69,0.90,0.28,"ema_trend:0.20, higher_tf_trend:-0.21, rsi_momentum:0.07, volume_confirmation:0.20"
BTCUSDT,BEARISH,1684022400000,1685318400000,26762.7000,28361.3336,confidence_threshold,stop_loss,-5.97,0.070,0.050,0.000,0.120,-6.09,1296000000,20.54,1065.7557,37.36,-1.85,-0.28,0.76,-0.41,"ema_trend:0.05, higher_tf_trend:-0.08, rsi_momentum:-0.12"
BTCUSDT,BEARISH,1685664000000,1686700800000,26805.3000,24878.2952,confidence_threshold,take_profit,7.19,0.040,0.000,0.000,0.040,7.15,1036800000,20.51,856.4466,44.56,-0.30,,0.80,-0.23,"ema_trend:-0.03, rsi_momentum:-0.05"
BTCUSDT,BEARISH,1686787200000,1686873600000,25115.9000,26475.0169,confidence_threshold,stop_loss,-5.41,0.070,0.050,0.000,0.120,-5.53,86400000,27.32,906.0779,36.13,-1.77,,0.84,-0.50,"ema_trend:-0.09, rsi_momentum:-0.14"
BTCUSDT,BEARISH,1686960000000,1687219200000,26336.0000,27753.0666,confidence_threshold,stop_loss,-5.38,0.070,0.050,0.000,0.120,-5.50,259200000,28.01,944.7110,48.28,-1.45,,0.85,-0.22,"ema_trend:-0.09, rsi_momentum:-0.01"
BTCUSDT,BULLISH,1687392000000,1692230400000,29988.5000,28381.3452,confidence_threshold,stop_loss,-5.36,0.070,0.050,0.000,0.120,-5.48,4838400000,25.56,1071.4365,70.59,1.64,,0.85,0.74,"rsi_momentum:0.20, volume_confirmation:0.15"
BTCUSDT,BULLISH,1692316800000,1692662400000,26609.7000,25384.3312,confidence_threshold,stop_loss,-4.60,0.070,0.050,0.000,0.120,-4.72,345600000,15.22,816.9125,21.05,-1.37,0.81,0.96,0.81,"higher_tf_trend:0.24, rsi_momentum:-0.20"
BTCUSDT,BULLISH,1693440000000,1693526400000,27290.4000,26117.8276,confidence_threshold,stop_loss,-4.30,0.070,0.050,0.000,0.120,-4.42,86400000,31.73,781.7150,47.87,-1.75,0.60,0.90,0.22,"ema_trend:-0.16, higher_tf_trend:0.18, rsi_momentum:-0.01, volume_confirmation:0.20"
BTCUSDT,BEARISH,1693612800000,1694995200000,25795.6000,27101.2025,confidence_threshold,stop_loss,-5.06,0.070,0.050,0.000,0.120,-5.18,1382400000,30.37,870.4017,35.52,-2.07,0.60,0.90,-0.28,"ema_trend:-0.17, higher_tf_trend:0.18, rsi_momentum:-0.14, volume_confirmation:-0.13"
BTCUSDT,BULLISH,1695168000000,1695513600000,27196.0000,26107.7616,confidence_threshold,stop_loss,-4.00,0.070,0.050,0.000,0.120,-4.12,345600000,18.55,725.4923,59.10,0.39,0.36,0.87,0.24,"ema_trend:-0.11, higher_tf_trend:0.11, rsi_momentum:0.09, volume_confirmation:0.14"
BTCUSDT,BULLISH,1696204800000,1696982400000,27981.4000,26964.0855,confidence_threshold,stop_loss,-3.64,0.070,0.050,0.000,0.120,-3.76,777600000,16.52,678.2097,67.24,0.91,0.32,0.74,0.54,"ema_trend:-0.04, higher_tf_trend:0.10, rsi_momentum:0.17"
BTCUSDT,BULLISH,1697500800000,1698019200000,28486.3000,30387.8533,confidence_threshold,take_profit,6.68,0.040,0.000,0.000,0.040,6.64,518400000,25.90,845.1348,65.32,0.59,0.32,0.80,0.49,"higher_tf_trend:0.09, rsi_momentum:0.15"
BTCUSDT,BULLISH,1698105600000,1698883200000,33074.0000,35893.9755,confidence_threshold,take_profit,8.53,0.040,0.000,0.000,0.040,8.49,777600000,43.70,1253.3224,85.33,4.01,0.41,0.97,0.50,"ema_trend:0.15, higher_tf_trend:0.12, rsi_momentum:0.20"
BTCUSDT,BULLISH,1698969600000,1699488000000,34940.1000,37720.4831,confidence_threshold,take_profit,7.96,0.040,0.000,0.000,0.040,7.92,518400000,62.99,1235.7258,78.19,5.91,0.68,0.97,0.82,"ema_trend:0.25, higher_tf_trend:0.20, rsi_momentum:0.20"
BTCUSDT,BULLISH,1699574400000,1699920000000,36719.5000,34793.6716,confidence_threshold,stop_loss,-5.24,0.070,0.050,0.000,0.120,-5.36,345600000,68.39,1283.8856,82.66,4.42,0.92,0.97,0.96,"ema_trend:0.25, higher_tf_trend:0.28, rsi_momentum:0.20"
BTCUSDT,BULLISH,1700006400000,1700784000000,35559.0000,38417.7539,confidence_threshold,take_profit,8.04,0.040,0.000,0.000,0.040,8.00,777600000,68.29,1270.5573,61.54,3.56,1.00,0.92,0.88,"ema_trend:0.25, higher_tf_trend:0.30, rsi_momentum:0.11"
BTCUSDT,BULLISH,1700870400000,1701648000000,37706.3000,40827.5447,confidence_threshold,take_profit,8.28,0.040,0.000,0.000,0.040,8.24,777600000,52.14,1387.2199,61.49,2.23,1.00,0.92,0.88,"ema_trend:0.25, higher_tf_trend:0.30, rsi_momentum:0.11"
BTCUSDT,BULLISH,1701734400000,1704153600000,41993.1000,44979.8000,confidence_threshold,force_close,7.11,0.070,0.050,0.000,0.120,6.99,2419200000,45.73,1301.6872,77.10,3.35,1.00,0.97,1.00,"ema_trend:0.25, higher_tf_trend:0.30, rsi_momentum:0.20"
ETHUSDT,BULLISH,1609545600000,1609632000000,729.7700,833.2431,confidence_threshold,take_profit,14.18,0.040,0.000,0.000,0.040,14.14,86400000,28.05,45.9881,65.40,6.50,1.00,0.92,0.94,"ema_trend:0.25, higher_tf_trend:0.30, rsi_momentum:0.15"
ETHUSDT,BULLISH,1609718400000,1609804800000,980.2400,1121.0819,confidence_threshold,take_profit,14.37,0.040,0.000,0.000,0.040,14.33,86400000,32.42,62.5964,82.36,10.19,1.00,1.00,1.00,"ema_trend:0.25, higher_tf_trend:0.30, rsi_momentum:0.20"
ETHUSDT,BULLISH,1609891200000,1609977600000,1101.2900,1291.5719,confidence_threshold,take_profit,17.28,0.040,0.000,0.000,0.040,17.24,86400000,38.88,84.5697,86.09,15.20,1.00,0.95,1.00,"ema_trend:0.25, higher_tf_trend:0.30, rsi_momentum:0.20, volume_confirmation:0.20"
ETHUSDT,BULLISH,1610064000000,1610323200000,1227.1200,1085.9862,confidence_threshold,stop_loss,-11.50,0.070,0.050,0.000,0.120,-11.62,259200000,44.98,94.0892,88.85,18.92,1.00,1.00,1.00,"ema_trend:0.25, higher_tf_trend:0.30, rsi_momentum:0.20"
ETHUSDT,BULLISH,1610409600000,1611014400000,1086.9400,1375.3880,confidence_threshold,take_profit,26.54,0.040,0.000,0.000,0.040,26.50,604800000,46.32,128.1991,64.25,16.69,1.00,0.92,0.92,"ema_trend:0.25, higher_tf_trend:0.30, rsi_momentum:0.14"
ETHUSDT,BULLISH,1611100800000,1611187200000,1367.5100,1163.6525,confidence_threshold,stop_loss,-14.91,0.070,0.050,0.000,0.120,-15.03,86400000,37.27,135.9050,72.72,11.38,1.00,0.87,1.00,"ema_trend:0.25, higher_tf_trend:0.30, rsi_momentum:0.20"
ETHUSDT,BULLISH,1611273600000,1611532800000,1111.2300,1450.4488,confidence_threshold,take_profit,30.53,0.040,0.000,0.000,0.040,30.49,259200000,35.75,150.7639,52.18,9.13,1.00,0.92,0.75,"ema_trend:0.25, higher_tf_trend:0.30, rsi_momentum:0.01"
ETHUSDT,BULLISH,1611619200000,1612310400000,1318.6100,1668.7156,confidence_threshold,take_profit,26.55,0.040,0.000,0.000,0.040,26.51,691200000,31.14,155.6025,59.91,7.92,1.00,0.92,0.86,"ema_trend:0.25, higher_tf_trend:0.30, rsi_momentum:0.09"
ETHUSDT,BULLISH,1612396800000,1613779200000,1666.0000,1998.7702,confidence_threshold,take_profit,19.97,0.040,0.000,0.000,0.040,19.93,1382400000,27.91,147.8979,69.24,8.36,1.00,0.92,0.99,"ema_trend:0.25, higher_tf_trend:0.30, rsi_momentum:0.19"
ETHUSDT,BULLISH,1613865600000,1613952000000,1914.5800,1698.8849,confidence_threshold,stop_loss,-11.27,0.070,0.050,0.000,0.120,-11.39,86400000,25.92,143.7967,67.39,7.57,1.00,0.92,0.96,"ema_trend:0.25, higher_tf_trend:0.30, rsi_momentum:0.17"
ETHUSDT,BULLISH,1614038400000,1614124800000,1778.3000,1541.3737,confidence_threshold,stop_loss,-13.32,0.070,0.050,0.000,0.120,-13.44,86400000,24.95,157.9509,55.72,6.05,1.00,0.92,0.80,"ema_trend:0.25, higher_tf_trend:0.30, rsi_momentum:0.05"
ETHUSDT,BULLISH,1614211200000,1614470400000,1623.9800,1353.5069,confidence_threshold,stop_loss,-16.65,0.070,0.050,0.000,0.120,-16.77,259200000,27.03,180.3154,47.08,2.40,1.00,0.89,0.35,"ema_trend:0.25, higher_tf_trend:0.30, rsi_momentum:-0.02, volume_confirmation:-0.20"
ETHUSDT,BULLISH,1614556800000,1615161600000,1419.7700,1815.5526,confidence_threshold,take_profit,27.88,0.040,0.000,0.000,0.040,27.84,604800000,32.20,175.9034,38.29,-3.62,1.00,0.92,0.58,"ema_trend:0.25, higher_tf_trend:0.30, rsi_momentum:-0.11"
ETHUSDT,BULLISH,1615248000000,1616544000000,1834.3000,1590.8994,confidence_threshold,stop_loss,-13.27,0.070,0.050,0.000,0.120,-13.39,1296000000,26.87,162.2671,61.17,0.84,1.00,0.92,0.88,"ema_trend:0.25, higher_tf_trend:0.30, rsi_momentum:0.11"
ETHUSDT,BULLISH,1616630400000,1617148800000,1582.1100,1881.2541,confidence_threshold,take_profit,18.91,0.040,0.000,0.000,0.040,18.87,518400000,15.11,132.9529,40.62,-0.72,1.00,0.92,0.62,"ema_trend:0.25, higher_tf_trend:0.30, rsi_momentum:-0.09"
ETHUSDT,BULLISH,1617235200000,1618012800000,1923.0700,2200.9762,confidence_threshold,take_profit,14.45,0.040,0.000,0.000,0.040,14.41,777600000,14.87,123.5139,62.20,1.67,1.00,0.92,0.89,"ema_trend:0.25, higher_tf_trend:0.30, rsi_momentum:0.12"
ETHUSDT,BULLISH,1618099200000,1618358400000,2135.9600,2426.9697,confidence_threshold,take_profit,13.62,0.040,0.000,0.000,0.040,13.58,259200000,22.64,129.3376,62.68,5.02,1.00,0.92,0.90,"ema_trend:0.25, higher_tf_trend:0.30, rsi_momentum:0.12"
ETHUSDT,BULLISH,1618444800000,1618704000000,2437.0800,2241.9498,confidence_threshold,stop_loss,-8.01,0.070,0.050,0.000,0.120,-8.13,259200000,27.95,130.0868,72.91,6.73,1.00,1.00,1.00,"ema_trend:0.25, higher_tf_trend:0.30, rsi_momentum:0.20"
ETHUSDT,BULLISH,1618790400000,1619049600000,2235.3200,2605.5465,confidence_threshold,take_profit,16.56,0.040,0.000,0.000,0.040,16.52,259200000,30.06,164.5451,56.83,6.20,1.00,0.92,0.82,"ema_trend:0.25, higher_tf_trend:0.30, rsi_momentum:0.06"
ETHUSDT,BULLISH,1619136000000,1619827200000,2398.9400,2829.9015,confidence_threshold,take_profit,17.96,0.040,0.000,0.000,0.040,17.92,691200000,25.13,191.5385,62.23,4.89,1.00,0.92,0.89,"ema_trend:0.25, higher_tf_trend:0.30, rsi_momentum:0.12"
ETHUSDT,BULLISH,1619913600000,1620000000000,2947.0100,3377.1610,confidence_threshold,take_profit,14.60,0.040,0.000,0.000,0.040,14.56,86400000,25.12,191.1782,74.37,8.06,1.00,1.00,1.00,"ema_trend:0.25, higher_tf_trend:0.30, rsi_momentum:0.20"
ETHUSDT,BULLISH,1620086400000,1620432000000,3433.3600,3905.5160,confidence_threshold,take_profit,13.75,0.040,0.000,0.000,0.040,13.71,345600000,28.92,209.8471,82.40,10.48,1.00,1.00,1.00,"ema_trend:0.25, higher_tf_trend:0.30, rsi_momentum:0.20"
ETHUSDT,BULLISH,1620518400000,1620864000000,3914.4700,3538.0724,confidence_threshold,stop_loss,-9.62,0.070,0.050,0.000,0.120,-9.74,345600000,40.08,250.9317,80.61,13.39,1.00,1.00,1.00,"ema_trend:0.25, higher_tf_trend:0.30, rsi_momentum:0.20"
ETHUSDT,BULLISH,1620950400000,1621209600000,3719.4500,3230.3957,confidence_threshold,stop_loss,-13.15,0.070,0.050,0.000,0.120,-13.27,259200000,49.45,326.0362,65.19,12.01,1.00,0.92,0.93,"ema_trend:0.25, higher_tf_trend:0.30, rsi_momentum:0.15"
ETHUSDT,BULLISH,1621296000000,1621382400000,3283.5800,2729.4849,confidence_threshold,stop_loss,-16.87,0.070,0.050,0.000,0.120,-16.99,86400000,46.15,369.3968,50.06,6.55,1.00,1.00,1.00,"ema_trend:0.25, higher_tf_trend:0.30"
ETHUSDT,BULLISH,1621468800000,1624320000000,2442.9800,1713.2000,confidence_threshold,stop_loss,-29.87,0.070,0.050,0.000,0.120,-29.99,2851200000,43.99,486.5200,36.66,1.04,1.00,0.92,0.56,"ema_trend:0.25, higher_tf_trend:0.30, rsi_momentum:-0.13"
ETHUSDT,BEARISH,1624406400000,1625356800000,1878.4600,2290.4588,confidence_threshold,stop_loss,-21.93,0.070,0.050,0.000,0.120,-22.05,950400000,33.89,274.6658,33.44,-8.27,1.00,0.89,-0.33,"ema_trend:-0.25, higher_tf_trend:0.30, rsi_momentum:-0.16, volume_confirmation:-0.20"
ETHUSDT,BULLISH,1627430400000,1627776000000,2298.0400,2659.5479,confidence_threshold,take_profit,15.73,0.040,0.000,0.000,0.040,15.69,345600000,19.32,160.6702,60.44,1.96,1.00,0.89,0.30,"ema_trend:-0.22, higher_tf_trend:0.30, rsi_momentum:0.10, volume_confirmation:0.11"
ETHUSDT,BULLISH,1627862400000,1628208000000,2554.7100,2906.7109,confidence_threshold,take_profit,13.78,0.040,0.000,0.000,0.040,13.74,345600000,25.16,156.4448,70.06,5.92,1.00,1.00,1.00,"higher_tf_trend:0.30, rsi_momentum:0.20"
ETHUSDT,BULLISH,1628294400000,1628812800000,2892.3000,3307.6024,confidence_threshold,take_profit,14.36,0.040,0.000,0.000,0.040,14.32,518400000,32.37,184.5789,75.47,8.47,1.00,0.95,0.89,"ema_trend:0.23, higher_tf_trend:0.30, rsi_momentum:0.20, volume_confirmation:0.14"
ETHUSDT,BULLISH,1628899200000,1629158400000,3324.1200,3007.3315,confidence_threshold,stop_loss,-9.53,0.070,0.050,0.000,0.120,-9.65,259200000,40.96,211.1923,73.53,9.91,1.00,1.00,1.00,"ema_trend:0.25, higher_tf_trend:0.30, rsi_momentum:0.20"
ETHUSDT,BULLISH,1629244800000,1630454400000,3014.6400,3494.3252,confidence_threshold,take_profit,15.91,0.040,0.000,0.000,0.040,15.87,1209600000,38.16,213.1934,57.48,7.32,1.00,0.92,0.82,"ema_trend:0.25, higher_tf_trend:0.30, rsi_momentum:0.07"
ETHUSDT,BULLISH,1630540800000,1630972800000,3831.4400,3512.7039,confidence_threshold,stop_loss,-8.32,0.070,0.050,0.000,0.120,-8.44,432000000,22.77,212.4908,72.99,4.92,1.00,1.00,1.00,"ema_trend:0.25, higher_tf_trend:0.30, rsi_momentum:0.20"
ETHUSDT,BULLISH,1631059200000,1632096000000,3435.0000,3048.0262,confidence_threshold,stop_loss,-11.27,0.070,0.050,0.000,0.120,-11.39,1036800000,30.71,257.9826,51.59,5.82,1.00,0.92,0.74,"ema_trend:0.25, higher_tf_trend:0.30, rsi_momentum:0.01"
ETHUSDT,BULLISH,1632182400000,1633478400000,2978.3400,3553.7118,confidence_threshold,take_profit,19.32,0.040,0.000,0.000,0.040,19.28,1296000000,26.38,255.7208,38.86,-1.40,1.00,0.92,0.59,"ema_trend:0.25, higher_tf_trend:0.30, rsi_momentum:-0.11"
ETHUSDT,BULLISH,1633564800000,1634688000000,3576.8500,4134.6221,confidence_threshold,take_profit,15.59,0.040,0.000,0.000,0.040,15.55,1123200000,23.13,247.8987,60.21,2.38,1.00,0.92,0.67,"ema_trend:0.11, higher_tf_trend:0.30, rsi_momentum:0.10"
ETHUSDT,BULLISH,1634774400000,1635897600000,4164.1400,4673.1043,confidence_threshold,take_profit,12.22,0.040,0.000,0.000,0.040,12.18,1123200000,17.57,226.2063,69.92,5.23,1.00,0.92,1.00,"ema_trend:0.25, higher_tf_trend:0.30, rsi_momentum:0.20"
ETHUSDT,BULLISH,1635984000000,1637020800000,4606.5900,4229.0621,confidence_threshold,stop_loss,-8.20,0.070,0.050,0.000,0.120,-8.32,1036800000,22.85,251.6853,67.63,5.56,1.00,0.92,0.97,"ema_trend:0.25, higher_tf_trend:0.30, rsi_momentum:0.18"
ETHUSDT,BULLISH,1637107200000,1638316800000,4209.4200,4763.5286,confidence_threshold,take_profit,13.16,0.040,0.000,0.000,0.040,13.12,1209600000,18.40,246.2705,44.15,1.89,1.00,0.92,0.67,"ema_trend:0.25, higher_tf_trend:0.30, rsi_momentum:-0.05"
ETHUSDT,BULLISH,1638403200000,1638489600000,4586.6600,4160.3001,confidence_threshold,stop_loss,-9.30,0.070,0.050,0.000,0.120,-9.42,86400000,20.28,284.2399,55.75,0.83,1.00,0.89,0.71,"ema_trend:0.20, higher_tf_trend:0.30, rsi_momentum:0.05, volume_confirmation:0.12"
ETHUSDT,BULLISH,1638576000000,1639353600000,4213.6600,3755.9546,confidence_threshold,stop_loss,-10.86,0.070,0.050,0.000,0.120,-10.98,777600000,19.15,305.1370,46.76,0.40,1.00,0.92,0.61,"ema_trend:0.18, higher_tf_trend:0.30, rsi_momentum:-0.02"
ETHUSDT,BULLISH,1639440000000,1641513600000,3780.6300,3288.3371,confidence_threshold,stop_loss,-13.02,0.070,0.050,0.000,0.120,-13.14,2073600000,28.15,328.1953,39.76,-2.65,1.00,0.88,0.41,"higher_tf_trend:0.30, rsi_momentum:-0.10"
ETHUSDT,BEARISH,1641945600000,1642723200000,3236.8600,2712.7271,confidence_threshold,take_profit,16.19,0.040,0.000,0.000,0.040,16.15,777600000,41.59,232.9479,35.76,-6.73,1.00,0.89,-0.24,"ema_trend:-0.25, higher_tf_trend:0.30, rsi_momentum:-0.14, volume_confirmation:-0.14"
ETHUSDT,BULLISH,1643328000000,1643932800000,2422.6100,2968.9741,confidence_threshold,take_profit,22.55,0.040,0.000,0.000,0.040,22.51,604800000,46.24,242.8285,26.33,-10.64,1.00,0.95,0.21,"ema_trend:-0.25, higher_tf_trend:0.30, rsi_momentum:-0.20, volume_confirmation:0.11"
ETHUSDT,BULLISH,1644451200000,1644537600000,3241.8200,2931.5559,confidence_threshold,stop_loss,-9.57,0.070,0.050,0.000,0.120,-9.69,86400000,28.74,206.8427,61.80,2.41,1.00,0.92,0.22,"ema_trend:-0.25, higher_tf_trend:0.30, rsi_momentum:0.11"
ETHUSDT,BEARISH,1645574400000,1646006400000,2635.5700,2932.4846,confidence_threshold,stop_loss,-11.27,0.070,0.050,0.000,0.120,-11.39,432000000,19.67,197.9431,40.33,-2.96,1.00,0.89,-0.23,"ema_trend:-0.25, higher_tf_trend:0.30, rsi_momentum:-0.09, volume_confirmation:-0.18"
ETHUSDT,BULLISH,1647648000000,1648425600000,2938.0200,3337.2376,confidence_threshold,take_profit,13.59,0.040,0.000,0.000,0.040,13.55,777600000,23.25,177.4300,59.19,0.60,1.00,0.92,0.24,"ema_trend:-0.20, higher_tf_trend:0.30, rsi_momentum:0.09"
ETHUSDT,BULLISH,1648512000000,1649635200000,3333.6200,3102.1668,confidence_threshold,stop_loss,-6.94,0.070,0.050,0.000,0.120,-7.06,1123200000,23.18,154.3021,71.22,5.35,1.00,0.95,0.71,"ema_trend:0.09, higher_tf_trend:0.30, rsi_momentum:0.20"
ETHUSDT,BULLISH,1649721600000,1651276800000,2978.6900,2737.0382,confidence_threshold,stop_loss,-8.11,0.070,0.050,0.000,0.120,-8.23,1555200000,21.46,161.1012,42.26,0.70,1.00,0.92,0.56,"ema_trend:0.19, higher_tf_trend:0.30, rsi_momentum:-0.07"
ETHUSDT,BULLISH,1651536000000,1651795200000,2855.1600,2636.3775,confidence_threshold,stop_loss,-7.66,0.070,0.050,0.000,0.120,-7.78,259200000,25.73,145.8550,44.14,-2.74,1.00,0.89,0.21,"ema_trend:-0.09, higher_tf_trend:0.30, rsi_momentum:-0.05"
ETHUSDT,BEARISH,1652227200000,1652313600000,2340.8600,1958.2434,confidence_threshold,take_profit,16.35,0.040,0.000,0.000,0.040,16.31,86400000,31.48,170.0518,32.93,-6.36,0.78,0.89,-0.41,"ema_trend:-0.25, higher_tf_trend:0.23, rsi_momentum:-0.17, volume_confirmation:-0.20"
ETHUSDT,BEARISH,1652400000000,1654992000000,1959.7800,1495.5141,confidence_threshold,take_profit,23.69,0.040,0.000,0.000,0.040,23.65,2592000000,36.70,206.3404,25.43,-9.48,0.78,0.95,-0.29,"ema_trend:-0.25, higher_tf_trend:0.23, rsi_momentum:-0.20, volume_confirmation:-0.20"
ETHUSDT,BEARISH,1655078400000,1655164800000,1434.3500,1141.0023,confidence_threshold,take_profit,20.45,0.040,0.000,0.000,0.040,20.41,86400000,38.49,130.3768,26.37,-7.56,-1.00,0.95,-0.94,"ema_trend:-0.25, higher_tf_trend:-0.30, rsi_momentum:-0.20, volume_confirmation:-0.15"
ETHUSDT,BEARISH,1655251200000,1655510400000,1208.3200,880.2354,confidence_threshold,take_profit,27.15,0.040,0.000,0.000,0.040,27.11,259200000,42.27,145.8154,21.28,-11.73,-1.00,0.95,-1.00,"ema_trend:-0.25, higher_tf_trend:-0.30, rsi_momentum:-0.20, volume_confirmation:-0.20"
ETHUSDT,BEARISH,1655596800000,1656028800000,994.0900,1226.3608,confidence_threshold,stop_loss,-23.37,0.070,0.050,0.000,0.120,-23.49,432000000,49.29,154.8472,19.49,-17.08,-1.00,1.00,-1.00,"ema_trend:-0.25, higher_tf_trend:-0.30, rsi_momentum:-0.20"
ETHUSDT,BEARISH,1656115200000,1657929600000,1224.4200,1438.3131,confidence_threshold,stop_loss,-17.47,0.070,0.050,0.000,0.120,-17.59,1814400000,51.26,142.5954,38.70,-13.07,-1.00,0.92,-0.88,"ema_trend:-0.25, higher_tf_trend:-0.30, rsi_momentum:-0.11"
ETHUSDT,BEARISH,1658016000000,1658102400000,1355.3700,1522.7702,confidence_threshold,stop_loss,-12.35,0.070,0.050,0.000,0.120,-12.47,86400000,29.37,111.6001,59.21,0.36,-1.00,0.92,-0.62,"ema_trend:-0.25, higher_tf_trend:-0.30, rsi_momentum:0.09"
ETHUSDT,BEARISH,1658188800000,1658966400000,1580.1200,1759.6545,confidence_threshold,stop_loss,-11.36,0.070,0.050,0.000,0.120,-11.48,777600000,29.08,119.6897,68.83,4.50,-1.00,0.92,-0.48,"ema_trend:-0.25, higher_tf_trend:-0.30, rsi_momentum:0.19"
ETHUSDT,BEARISH,1659052800000,1660176000000,1723.8200,1929.0310,confidence_threshold,stop_loss,-11.90,0.070,0.050,0.000,0.120,-12.02,1123200000,29.62,136.8074,67.00,7.59,-1.00,0.88,-0.26,"ema_trend:-0.04, higher_tf_trend:-0.30, rsi_momentum:0.17"
ETHUSDT,BEARISH,1661040000000,1662768000000,1574.9300,1760.8191,confidence_threshold,stop_loss,-11.80,0.070,0.050,0.000,0.120,-11.92,1728000000,29.78,123.9260,41.39,1.15,-1.00,0.89,-0.28,"ema_trend:0.25, higher_tf_trend:-0.30, rsi_momentum:-0.08, volume_confirmation:-0.13"
ETHUSDT,BEARISH,1662854400000,1663200000000,1773.0500,1533.0735,confidence_threshold,take_profit,13.53,0.040,0.000,0.000,0.040,13.49,345600000,14.80,106.6562,60.96,1.11,-1.00,0.88,-0.39,"ema_trend:0.03, higher_tf_trend:-0.30, rsi_momentum:0.10"
ETHUSDT,BEARISH,1663286400000,1665619200000,1471.9300,1210.8376,confidence_threshold,take_profit,17.74,0.040,0.000,0.000,0.040,17.70,2332800000,14.95,116.0411,40.33,-0.56,-1.00,0.88,-0.78,"higher_tf_trend:-0.30, rsi_momentum:-0.09"
ETHUSDT,BEARISH,1665705600000,1666656000000,1286.3800,1390.0610,confidence_threshold,stop_loss,-8.06,0.070,0.050,0.000,0.120,-8.18,950400000,31.95,69.1207,39.88,-2.39,-1.00,0.92,-0.86,"ema_trend:-0.25, higher_tf_trend:-0.30, rsi_momentum:-0.10"
ETHUSDT,BEARISH,1666742400000,1666828800000,1459.2000,1560.4883,confidence_threshold,stop_loss,-6.94,0.070,0.050,0.000,0.120,-7.06,86400000,28.07,67.5255,64.72,0.97,-1.00,0.92,-0.45,"ema_trend:-0.18, higher_tf_trend:-0.30, rsi_momentum:0.14"
ETHUSDT,BEARISH,1667001600000,1667520000000,1553.7900,1667.0668,confidence_threshold,stop_loss,-7.29,0.070,0.050,0.000,0.120,-7.41,518400000,29.35,75.5179,67.65,4.08,-1.00,0.89,-0.25,"ema_trend:-0.05, higher_tf_trend:-0.30, rsi_momentum:0.18"
ETHUSDT,BEARISH,1667952000000,1668038400000,1333.4000,1107.2785,confidence_threshold,take_profit,16.96,0.040,0.000,0.000,0.040,16.92,86400000,28.62,100.4984,39.45,1.96,-1.00,0.92,-0.36,"ema_trend:0.13, higher_tf_trend:-0.30, rsi_momentum:-0.10"
ETHUSDT,BEARISH,1668124800000,1673654400000,1298.2100,1483.1137,confidence_threshold,stop_loss,-14.24,0.070,0.050,0.000,0.120,-14.36,5529600000,30.57,123.2691,42.75,-2.24,-1.00,0.86,-0.81,"higher_tf_trend:-0.30, rsi_momentum:-0.07, volume_confirmation:-0.20"
ETHUSDT,BEARISH,1673740800000,1674172800000,1550.2700,1634.4479,confidence_threshold,stop_loss,-5.43,0.070,0.050,0.000,0.120,-5.55,432000000,33.61,56.1186,85.23,5.49,-1.00,0.97,-0.30,"ema_trend:0.14, higher_tf_trend:-0.30, rsi_momentum:0.20"
ETHUSDT,BEARISH,1677628800000,1678320000000,1604.7200,1444.1384,confidence_threshold,take_profit,10.01,0.040,0.000,0.000,0.040,9.97,691200000,18.60,71.3696,49.02,0.37,-1.00,0.97,-0.20,"ema_trend:0.19, higher_tf_trend:-0.30"
ETHUSDT,BEARISH,1678406400000,1678579200000,1436.4200,1540.9865,confidence_threshold,stop_loss,-7.28,0.070,0.050,0.000,0.120,-7.40,172800000,16.84,69.7110,32.04,-2.13,-1.00,0.81,-0.56,"ema_trend:0.06, higher_tf_trend:-0.30, rsi_momentum:-0.18"
ETHUSDT,BEARISH,1678665600000,1678752000000,1579.2600,1692.6656,confidence_threshold,stop_loss,-7.18,0.070,0.050,0.000,0.120,-7.30,86400000,18.31,75.6037,51.21,-2.22,-1.00,0.87,-0.26,"higher_tf_trend:-0.30, rsi_momentum:0.00, volume_confirmation:0.11"
ETHUSDT,BEARISH,1679011200000,1679097600000,1672.5600,1797.1369,confidence_threshold,stop_loss,-7.45,0.070,0.050,0.000,0.120,-7.57,86400000,18.67,83.0513,57.59,1.00,-1.00,0.86,-0.20,"ema_trend:0.08, higher_tf_trend:-0.30, rsi_momentum:0.07"
ETHUSDT,BULLISH,1681430400000,1682035200000,2011.8000,1898.0130,confidence_threshold,stop_loss,-5.66,0.070,0.050,0.000,0.120,-5.78,604800000,29.02,75.8580,69.97,3.15,-1.00,0.90,0.27,"ema_trend:0.25, higher_tf_trend:-0.30, rsi_momentum:0.20, volume_confirmation:0.11"
ETHUSDT,BEARISH,1682640000000,1686700800000,1907.6700,1708.8149,confidence_threshold,take_profit,10.42,0.040,0.000,0.000,0.040,10.38,4060800000,22.66,88.3800,51.44,-0.33,-0.84,0.90,-0.23,"ema_trend:0.20, higher_tf_trend:-0.25, rsi_momentum:0.00, volume_confirmation:-0.17"
ETHUSDT,BEARISH,1686787200000,1686960000000,1650.1800,1747.2937,confidence_threshold,stop_loss,-5.89,0.070,0.050,0.000,0.120,-6.01,172800000,25.65,64.7425,30.33,-2.36,-0.16,0.74,-0.58,"ema_trend:-0.06, higher_tf_trend:-0.05, rsi_momentum:-0.20"
ETHUSDT,BEARISH,1687046400000,1687305600000,1727.2000,1825.0776,confidence_threshold,stop_loss,-5.67,0.070,0.050,0.000,0.120,-5.79,259200000,28.28,65.2517,41.89,-2.49,-0.16,0.86,-0.38,"ema_trend:-0.10, higher_tf_trend:-0.05, rsi_momentum:-0.07"
ETHUSDT,BULLISH,1687478400000,1689292800000,1871.3600,2025.5334,confidence_threshold,take_profit,8.24,0.040,0.000,0.000,0.040,8.20,1814400000,25.26,68.5215,58.56,0.11,-0.17,0.73,0.27,"ema_trend:-0.06, higher_tf_trend:-0.05, rsi_momentum:0.08, volume_confirmation:0.15"
ETHUSDT,BULLISH,1689379200000,1690156800000,1936.7400,1832.5271,confidence_threshold,stop_loss,-5.38,0.070,0.050,0.000,0.120,-5.50,777600000,16.37,69.4753,56.26,1.18,,0.79,0.47,"ema_trend:0.08, rsi_momentum:0.06, volume_confirmation:0.18"
ETHUSDT,BULLISH,1690675200000,1691366400000,1879.8500,1807.4897,confidence_threshold,stop_loss,-3.85,0.070,0.050,0.000,0.120,-3.97,691200000,11.63,48.2402,50.04,-0.31,0.21,0.67,0.21,"ema_trend:0.03, higher_tf_trend:0.06"
ETHUSDT,BULLISH,1692316800000,1692662400000,1681.0000,1597.2179,confidence_threshold,stop_loss,-4.98,0.070,0.050,0.000,0.120,-5.10,345600000,29.02,55.8548,20.98,-1.48,0.23,0.71,0.23,"ema_trend:-0.05, higher_tf_trend:0.07, rsi_momentum:-0.20"
ETHUSDT,BEARISH,1692748800000,1693267200000,1634.5000,1718.0437,confidence_threshold,stop_loss,-5.11,0.070,0.050,0.000,0.120,-5.23,518400000,45.51,55.6958,21.77,-3.39,0.14,0.96,-0.56,"ema_trend:-0.14, higher_tf_trend:0.04, rsi_momentum:-0.20"
ETHUSDT,BEARISH,1693353600000,1693526400000,1728.5100,1607.7083,confidence_threshold,take_profit,6.99,0.040,0.000,0.000,0.040,6.95,172800000,52.29,53.6897,48.43,-2.26,,0.88,-0.40,"ema_trend:-0.18, rsi_momentum:-0.01"
ETHUSDT,BEARISH,1693612800000,1696118400000,1628.1900,1712.3460,confidence_threshold,stop_loss,-5.17,0.070,0.050,0.000,0.120,-5.29,2505600000,49.97,56.1040,35.31,-2.14,,0.88,-0.73,"ema_trend:-0.18, rsi_momentum:-0.14"
ETHUSDT,BEARISH,1696291200000,1696982400000,1661.4900,1542.6402,confidence_threshold,take_profit,7.15,0.040,0.000,0.000,0.040,7.11,691200000,30.41,52.8221,53.32,0.89,-0.33,0.83,-0.22,"ema_trend:-0.09, higher_tf_trend:-0.10, rsi_momentum:0.02"
ETHUSDT,BEARISH,1697068800000,1697414400000,1566.0700,1639.5934,confidence_threshold,stop_loss,-4.69,0.070,0.050,0.000,0.120,-4.81,345600000,21.69,49.0156,38.92,-0.94,-0.38,0.88,-0.42,"ema_trend:-0.09, higher_tf_trend:-0.11, rsi_momentum:-0.11"
ETHUSDT,BEARISH,1697500800000,1698019200000,1598.6100,1670.1135,confidence_threshold,stop_loss,-4.47,0.070,0.050,0.000,0.120,-4.59,518400000,22.26,47.6690,48.57,-1.24,-0.47,0.92,-0.35,"ema_trend:-0.11, higher_tf_trend:-0.14, rsi_momentum:-0.00"
ETHUSDT,BEARISH,1698105600000,1698278400000,1766.3500,1849.2843,confidence_threshold,stop_loss,-4.70,0.070,0.050,0.000,0.120,-4.82,172800000,20.70,55.2895,71.41,1.22,-0.48,0.81,-0.36,"ema_trend:-0.05, higher_tf_trend:-0.15, rsi_momentum:0.20"
ETHUSDT,BEARISH,1698364800000,1699142400000,1803.3000,1897.1742,confidence_threshold,stop_loss,-5.21,0.070,0.050,0.000,0.120,-5.33,777600000,28.04,62.5828,74.32,3.17,-0.48,0.96,-0.48,"ema_trend:0.03, higher_tf_trend:-0.15, rsi_momentum:0.20"
ETHUSDT,BULLISH,1699401600000,1699488000000,1885.7900,2021.9664,confidence_threshold,take_profit,7.22,0.040,0.000,0.000,0.040,7.18,86400000,47.07,60.5228,70.27,3.58,-0.27,0.85,0.21,"ema_trend:0.20, higher_tf_trend:-0.08, rsi_momentum:0.20"
ETHUSDT,BULLISH,1699574400000,1699747200000,2122.9200,2014.2970,confidence_threshold,stop_loss,-5.12,0.070,0.050,0.000,0.120,-5.24,172800000,49.93,72.4154,83.93,4.68,-0.27,0.85,0.30,"ema_trend:0.25, higher_tf_trend:-0.08, rsi_momentum:0.20"
ETHUSDT,BULLISH,1699833600000,1699920000000,2046.0800,1939.0937,confidence_threshold,stop_loss,-5.23,0.070,0.050,0.000,0.120,-5.35,86400000,52.87,71.3242,71.91,5.26,,0.96,1.00,"ema_trend:0.25, rsi_momentum:0.20"
ETHUSDT,BULLISH,1700006400000,1701475200000,1980.1100,2155.4407,confidence_threshold,take_profit,8.85,0.040,0.000,0.000,0.040,8.81,1468800000,51.86,77.9248,61.57,4.57,,0.88,0.80,"ema_trend:0.25, rsi_momentum:0.11"
ETHUSDT,BULLISH,1701561600000,1701907200000,2165.2800,2341.7474,confidence_threshold,take_profit,8.15,0.040,0.000,0.000,0.040,8.11,345600000,30.18,78.4300,66.66,2.22,0.27,0.82,0.66,"ema_trend:0.25, higher_tf_trend:0.08, rsi_momentum:0.16"
ETHUSDT,BULLISH,1701993600000,1702252800000,2357.0400,2223.9614,confidence_threshold,stop_loss,-5.65,0.070,0.050,0.000,0.120,-5.77,259200000,36.50,88.7191,72.65,4.30,0.50,0.97,0.73,"ema_trend:0.25, higher_tf_trend:0.15, rsi_momentum:0.20"
ETHUSDT,BULLISH,1702339200000,1703721600000,2225.5600,2440.6618,confidence_threshold,take_profit,9.67,0.040,0.000,0.000,0.040,9.63,1382400000,38.41,95.6008,56.78,3.98,0.79,0.92,0.73,"ema_trend:0.25, higher_tf_trend:0.24, rsi_momentum:0.06"
ETHUSDT,BULLISH,1703808000000,1704153600000,2345.9600,2356.9300,confidence_threshold,force_close,0.47,0.070,0.050,0.000,0.120,0.35,345600000,19.53,101.8694,59.03,1.68,1.00,0.92,0.85,"ema_trend:0.25, higher_tf_trend:0.30, rsi_momentum:0.08"
SOLUSDT,BEARISH,1609545600000,1609632000000,1.8382,2.1406,confidence_threshold,stop_loss,-16.45,0.070,0.050,0.000,0.120,-16.57,86400000,17.58,0.2016,57.28,-1.08,,0.87,-0.41,"ema_trend:-0.25, rsi_momentum:0.07"
SOLUSDT,BEARISH,1609718400000,1609977600000,2.1767,2.5263,confidence_threshold,stop_loss,-16.06,0.070,0.050,0.000,0.120,-16.18,259200000,19.33,0.2330,64.84,4.27,,0.85,-0.45,"ema_trend:-0.25, rsi_momentum:0.15, volume_confirmation:-0.19"
SOLUSDT,BEARISH,1610064000000,1610150400000,2.3651,2.8709,confidence_threshold,stop_loss,-21.39,0.070,0.050,0.000,0.120,-21.51,86400000,23.01,0.3372,61.36,9.70,,0.75,-0.23,"rsi_momentum:0.11, volume_confirmation:-0.20"
SOLUSDT,BULLISH,1610236800000,1610323200000,3.3776,2.6909,confidence_threshold,stop_loss,-20.33,0.070,0.050,0.000,0.120,-20.45,86400000,27.79,0.4578,72.70,18.71,,0.91,1.00,"ema_trend:0.25, rsi_momentum:0.20, volume_confirmation:0.20"
SOLUSDT,BULLISH,1610409600000,1611964800000,3.0988,4.2301,confidence_threshold,take_profit,36.51,0.040,0.000,0.000,0.040,36.47,1555200000,30.06,0.5028,65.36,20.33,,0.87,0.89,"ema_trend:0.25, rsi_momentum:0.15"
SOLUSDT,BULLISH,1612051200000,1612224000000,4.2462,5.3839,confidence_threshold,take_profit,26.79,0.040,0.000,0.000,0.040,26.75,172800000,22.03,0.5056,65.08,9.46,,0.87,0.88,"ema_trend:0.25, rsi_momentum:0.15"
SOLUSDT,BULLISH,1612310400000,1612396800000,5.2529,6.4950,confidence_threshold,take_profit,23.65,0.040,0.000,0.000,0.040,23.61,86400000,25.63,0.5520,74.53,12.97,,1.00,1.00,"ema_trend:0.25, rsi_momentum:0.20"
SOLUSDT,BULLISH,1612483200000,1612742400000,6.4358,7.7792,confidence_threshold,take_profit,20.87,0.040,0.000,0.000,0.040,20.83,259200000,30.18,0.5971,81.38,17.96,,1.00,1.00,"ema_trend:0.25, rsi_momentum:0.20"
SOLUSDT,BULLISH,1612828800000,1613001600000,7.8917,9.5759,confidence_threshold,take_profit,21.34,0.040,0.000,0.000,0.040,21.30,172800000,35.86,0.7485,80.59,21.64,,1.00,1.00,"ema_trend:0.25, rsi_momentum:0.20"
SOLUSDT,BULLISH,1613088000000,1613347200000,9.2215,7.9463,confidence_threshold,stop_loss,-13.83,0.070,0.050,0.000,0.120,-13.95,259200000,41.43,0.8501,84.21,24.68,,1.00,1.00,"ema_trend:0.25, rsi_momentum:0.20"
SOLUSDT,BULLISH,1613433600000,1613692800000,8.8695,10.9113,confidence_threshold,take_profit,23.02,0.040,0.000,0.000,0.040,22.98,259200000,43.89,0.9075,77.22,20.16,,1.00,1.00,"ema_trend:0.25, rsi_momentum:0.20"
SOLUSDT,BULLISH,1613779200000,1613865600000,11.5096,9.8617,confidence_threshold,stop_loss,-14.32,0.070,0.050,0.000,0.120,-14.44,86400000,41.12,1.0986,81.93,17.61,,1.00,1.00,"ema_trend:0.25, rsi_momentum:0.20"
SOLUSDT,BULLISH,1613952000000,1614038400000,11.0851,13.8007,confidence_threshold,take_profit,24.50,0.040,0.000,0.000,0.040,24.46,86400000,42.58,1.2069,71.13,17.28,,1.00,1.00,"ema_trend:0.25, rsi_momentum:0.20"
SOLUSDT,BULLISH,1614124800000,1614470400000,15.2413,12.6440,confidence_threshold,stop_loss,-17.04,0.070,0.050,0.000,0.120,-17.16,345600000,46.20,1.7315,80.94,23.03,,0.91,1.00,"ema_trend:0.25, rsi_momentum:0.20, volume_confirmation:0.20"
SOLUSDT,BULLISH,1614556800000,1616889600000,13.1072,17.7157,confidence_threshold,take_profit,35.16,0.040,0.000,0.000,0.040,35.12,2332800000,48.07,2.0482,61.80,17.53,,0.87,0.81,"ema_trend:0.25, rsi_momentum:0.11"
SOLUSDT,BULLISH,1616976000000,1617408000000,18.1022,21.8900,confidence_threshold,take_profit,20.92,0.040,0.000,0.000,0.040,20.88,432000000,32.09,1.6835,68.25,5.38,,0.87,0.96,"ema_trend:0.25, rsi_momentum:0.18"
SOLUSDT,BULLISH,1617494400000,1617753600000,22.4904,26.6266,confidence_threshold,take_profit,18.39,0.040,0.000,0.000,0.040,18.35,259200000,39.19,1.8383,77.82,12.01,,1.00,1.00,"ema_trend:0.25, rsi_momentum:0.20"
SOLUSDT,BULLISH,1617840000000,1618704000000,26.5699,23.1571,confidence_threshold,stop_loss,-12.84,0.070,0.050,0.000,0.120,-12.96,864000000,44.49,2.2752,81.13,15.91,,1.00,1.00,"ema_trend:0.25, rsi_momentum:0.20"
SOLUSDT,BULLISH,1618790400000,1619049600000,32.3492,39.8435,confidence_threshold,take_profit,23.17,0.040,0.000,0.000,0.040,23.13,259200000,43.78,3.3308,72.64,10.62,,1.00,1.00,"ema_trend:0.25, rsi_momentum:0.20"
SOLUSDT,BULLISH,1619136000000,1619308800000,38.9341,48.0959,confidence_threshold,take_profit,23.53,0.040,0.000,0.000,0.040,23.49,172800000,47.39,4.0719,79.20,13.92,,1.00,1.00,"ema_trend:0.25, rsi_momentum:0.20"
SOLUSDT,BULLISH,1619395200000,1620604800000,47.3823,39.7930,confidence_threshold,stop_loss,-16.02,0.070,0.050,0.000,0.120,-16.14,1209600000,52.06,5.0596,82.41,18.10,,1.00,1.00,"ema_trend:0.25, rsi_momentum:0.20"
SOLUSDT,BULLISH,1620691200000,1621296000000,42.8909,54.0939,confidence_threshold,take_profit,26.12,0.040,0.000,0.000,0.040,26.08,604800000,49.68,4.9791,56.36,6.55,,0.87,0.68,"ema_trend:0.25, rsi_momentum:0.06"
SOLUSDT,BULLISH,1621468800000,1621728000000,34.9520,22.4492,confidence_threshold,stop_loss,-35.77,0.070,0.050,0.000,0.120,-35.89,259200000,37.10,8.3352,42.77,3.02,,0.85,0.51,"ema_trend:0.25, rsi_momentum:-0.07, volume_confirmation:0.15"
SOLUSDT,BULLISH,1621814400000,1628985600000,24.5170,46.4467,confidence_threshold,take_profit,89.45,0.040,0.000,0.000,0.040,89.41,7171200000,33.42,9.7465,37.21,-6.47,,0.87,0.28,"ema_trend:0.25, rsi_momentum:-0.12"
SOLUSDT,BULLISH,1629072000000,1629158400000,53.5650,62.3497,confidence_threshold,take_profit,16.40,0.040,0.000,0.000,0.040,16.36,86400000,32.66,3.9043,79.71,11.84,,0.78,1.00,"ema_trend:0.25, rsi_momentum:0.20"
SOLUSDT,BULLISH,1629244800000,1629417600000,64.2180,77.0095,confidence_threshold,take_profit,19.92,0.040,0.000,0.000,0.040,19.88,172800000,39.06,5.6851,85.54,17.44,,0.91,1.00,"ema_trend:0.25, rsi_momentum:0.20, volume_confirmation:0.20"
SOLUSDT,BULLISH,1629504000000,1629849600000,78.7710,68.3221,confidence_threshold,stop_loss,-13.26,0.070,0.050,0.000,0.120,-13.38,345600000,47.96,6.9659,90.21,22.77,,0.91,0.87,"ema_trend:0.25, rsi_momentum:0.20, volume_confirmation:0.14"
SOLUSDT,BULLISH,1629936000000,1630022400000,72.0280,88.2767,confidence_threshold,take_profit,22.56,0.040,0.000,0.000,0.040,22.52,86400000,55.14,7.2217,71.09,17.05,,1.00,1.00,"ema_trend:0.25, rsi_momentum:0.20"
SOLUSDT,BULLISH,1630108800000,1630281600000,87.9540,106.3835,confidence_threshold,take_profit,20.95,0.040,0.000,0.000,0.040,20.91,172800000,56.41,8.1909,79.85,17.09,,1.00,1.00,"ema_trend:0.25, rsi_momentum:0.20"
SOLUSDT,BULLISH,1630368000000,1630540800000,110.3180,131.6029,confidence_threshold,take_profit,19.29,0.040,0.000,0.000,0.040,19.25,172800000,60.45,9.4599,84.67,20.43,1.00,1.00,1.00,"ema_trend:0.25, higher_tf_trend:0.30, rsi_momentum:0.20"
SOLUSDT,BULLISH,1630627200000,1630886400000,128.3290,154.8792,confidence_threshold,take_profit,20.69,0.040,0.000,0.000,0.040,20.65,259200000,65.52,11.8001,86.80,22.21,1.00,1.00,1.00,"ema_trend:0.25, higher_tf_trend:0.30, rsi_momentum:0.20"
SOLUSDT,BULLISH,1630972800000,1631059200000,164.2720,195.2581,confidence_threshold,take_profit,18.86,0.040,0.000,0.000,0.040,18.82,86400000,71.67,13.7716,86.57,25.00,1.00,1.00,1.00,"ema_trend:0.25, higher_tf_trend:0.30, rsi_momentum:0.20"
SOLUSDT,BULLISH,1631145600000,1631491200000,191.2150,161.3798,confidence_threshold,stop_loss,-15.60,0.070,0.050,0.000,0.120,-15.72,345600000,74.59,19.8901,89.68,26.77,1.00,0.95,1.00,"ema_trend:0.25, higher_tf_trend:0.30, rsi_momentum:0.20, volume_confirmation:0.20"
SOLUSDT,BULLISH,1631577600000,1631836800000,169.6560,138.1328,confidence_threshold,stop_loss,-18.58,0.070,0.050,0.000,0.120,-18.70,259200000,72.57,21.0155,72.42,19.32,1.00,0.87,1.00,"ema_trend:0.25, higher_tf_trend:0.30, rsi_momentum:0.20"
SOLUSDT,BULLISH,1631923200000,1632182400000,147.6260,116.7606,confidence_threshold,stop_loss,-20.91,0.070,0.050,0.000,0.120,-21.03,259200000,59.89,20.5769,57.04,9.97,1.00,0.92,0.82,"ema_trend:0.25, higher_tf_trend:0.30, rsi_momentum:0.06"
SOLUSDT,BULLISH,1632268800000,1633132800000,124.2480,173.1940,confidence_threshold,take_profit,39.39,0.040,0.000,0.000,0.040,39.35,864000000,47.93,21.7538,44.33,2.80,1.00,0.92,0.67,"ema_trend:0.25, higher_tf_trend:0.30, rsi_momentum:-0.05"
SOLUSDT,BULLISH,1633219200000,1633910400000,168.8890,140.9191,confidence_threshold,stop_loss,-16.56,0.070,0.050,0.000,0.120,-16.68,691200000,28.00,18.6466,62.76,2.47,1.00,0.92,0.90,"ema_trend:0.25, higher_tf_trend:0.30, rsi_momentum:0.12"
SOLUSDT,BULLISH,1633996800000,1634774400000,144.8880,180.0990,confidence_threshold,take_profit,24.30,0.040,0.000,0.000,0.040,24.26,777600000,18.20,15.6493,47.55,1.10,1.00,0.83,0.71,"ema_trend:0.25, higher_tf_trend:0.30, rsi_momentum:-0.02"
SOLUSDT,BULLISH,1634860800000,1635897600000,190.6470,223.2606,confidence_threshold,take_profit,17.11,0.040,0.000,0.000,0.040,17.07,1036800000,14.38,14.4949,68.12,4.47,1.00,0.92,0.97,"ema_trend:0.25, higher_tf_trend:0.30, rsi_momentum:0.18"
SOLUSDT,BULLISH,1635984000000,1636502400000,243.2500,216.1495,confidence_threshold,stop_loss,-11.14,0.070,0.050,0.000,0.120,-11.26,518400000,23.42,18.0670,74.78,8.56,1.00,1.00,1.00,"ema_trend:0.25, higher_tf_trend:0.30, rsi_momentum:0.20"
SOLUSDT,BULLISH,1636588800000,1637193600000,233.2330,205.2321,confidence_threshold,stop_loss,-12.01,0.070,0.050,0.000,0.120,-12.13,604800000,28.60,18.6673,60.16,8.22,1.00,0.83,0.86,"ema_trend:0.25, higher_tf_trend:0.30, rsi_momentum:0.10"
SOLUSDT,BULLISH,1637280000000,1638403200000,195.1800,238.0372,confidence_threshold,take_profit,21.96,0.040,0.000,0.000,0.040,21.92,1123200000,21.24,19.0476,40.43,0.86,1.00,0.92,0.61,"ema_trend:0.25, higher_tf_trend:0.30, rsi_momentum:-0.09"
SOLUSDT,BULLISH,1638489600000,1638576000000,233.6770,204.2556,confidence_threshold,stop_loss,-12.59,0.070,0.050,0.000,0.120,-12.71,86400000,22.39,19.6143,58.16,0.18,1.00,0.92,0.83,"ema_trend:0.25, higher_tf_trend:0.30, rsi_momentum:0.08"
SOLUSDT,BULLISH,1638662400000,1639180800000,200.5830,166.5574,confidence_threshold,stop_loss,-16.96,0.070,0.050,0.000,0.120,-17.08,518400000,22.38,22.6837,45.19,-0.77,1.00,0.89,0.36,"ema_trend:0.23, higher_tf_trend:0.30, rsi_momentum:-0.04, volume_confirmation:-0.14"
SOLUSDT,BULLISH,1639267200000,1641513600000,172.0900,141.5031,confidence_threshold,stop_loss,-17.77,0.070,0.050,0.000,0.120,-17.89,2246400000,27.66,20.3913,37.37,-5.80,1.00,0.88,0.36,"ema_trend:-0.03, higher_tf_trend:0.30, rsi_momentum:-0.12"
SOLUSDT,BEARISH,1641686400000,1642723200000,142.1500,111.1231,confidence_threshold,take_profit,21.83,0.040,0.000,0.000,0.040,21.79,1036800000,26.26,13.7898,32.90,-6.94,1.00,0.89,-0.34,"ema_trend:-0.25, higher_tf_trend:0.30, rsi_momentum:-0.17, volume_confirmation:-0.20"
SOLUSDT,BULLISH,1643068800000,1648598400000,91.8500,123.2798,confidence_threshold,take_profit,34.22,0.040,0.000,0.000,0.040,34.18,5529600000,41.95,13.9688,23.36,-13.66,1.00,0.95,0.26,"ema_trend:-0.25, higher_tf_trend:0.30, rsi_momentum:-0.20, volume_confirmation:0.15"
SOLUSDT,BULLISH,1648684800000,1648857600000,120.8500,139.3821,confidence_threshold,take_profit,15.33,0.040,0.000,0.000,0.040,15.29,172800000,24.67,8.2365,73.19,7.42,1.00,0.92,0.81,"ema_trend:-0.05, higher_tf_trend:0.30, rsi_momentum:0.20, volume_confirmation:0.11"
SOLUSDT,BULLISH,1648944000000,1649203200000,132.4800,118.2901,confidence_threshold,stop_loss,-10.71,0.070,0.050,0.000,0.120,-10.83,259200000,33.19,9.4599,76.36,10.93,1.00,0.95,0.82,"ema_trend:0.19, higher_tf_trend:0.30, rsi_momentum:0.20, volume_confirmation:0.13"
SOLUSDT,BULLISH,1649289600000,1650240000000,112.8700,97.5211,confidence_threshold,stop_loss,-13.60,0.070,0.050,0.000,0.120,-13.72,950400000,36.62,10.2326,52.62,8.45,1.00,0.92,0.76,"ema_trend:0.25, higher_tf_trend:0.30, rsi_momentum:0.02"
SOLUSDT,BULLISH,1650326400000,1651276800000,102.3500,89.3892,confidence_threshold,stop_loss,-12.66,0.070,0.050,0.000,0.120,-12.78,950400000,19.70,8.6405,46.06,-2.48,1.00,0.88,0.54,"ema_trend:0.05, higher_tf_trend:0.30, rsi_momentum:-0.03"
SOLUSDT,BEARISH,1652227200000,1652313600000,66.8300,47.8999,confidence_threshold,take_profit,28.33,0.040,0.000,0.000,0.040,28.29,86400000,32.21,8.4134,30.97,-10.80,1.00,0.89,-0.36,"ema_trend:-0.25, higher_tf_trend:0.30, rsi_momentum:-0.19, volume_confirmation:-0.20"
SOLUSDT,BEARISH,1652659200000,1654300800000,58.8000,35.9569,confidence_threshold,take_profit,38.85,0.040,0.000,0.000,0.040,38.81,1641600000,43.21,10.1525,36.32,-17.59,0.61,0.92,-0.27,"ema_trend:-0.25, higher_tf_trend:0.18, rsi_momentum:-0.13"
SOLUSDT,BEARISH,1654387200000,1660348800000,38.9900,47.8253,confidence_threshold,stop_loss,-22.66,0.070,0.050,0.000,0.120,-22.78,5961600000,47.84,5.8902,33.25,-13.08,-0.62,0.92,-0.80,"ema_trend:-0.25, higher_tf_trend:-0.19, rsi_momentum:-0.17"
SOLUSDT,BEARISH,1660435200000,1660867200000,46.5700,39.1980,confidence_threshold,take_profit,15.83,0.040,0.000,0.000,0.040,15.79,432000000,17.20,3.2764,63.38,3.49,-1.00,0.88,-0.34,"ema_trend:0.03, higher_tf_trend:-0.30, rsi_momentum:0.13"
SOLUSDT,BEARISH,1660953600000,1665619200000,35.7900,28.0632,confidence_threshold,take_profit,21.59,0.040,0.000,0.000,0.040,21.55,4665600000,16.25,3.4341,37.85,-0.84,-1.00,0.88,-0.83,"higher_tf_trend:-0.30, rsi_momentum:-0.12"
SOLUSDT,BEARISH,1665705600000,1667001600000,30.4700,33.2935,confidence_threshold,stop_loss,-9.27,0.070,0.050,0.000,0.120,-9.39,1296000000,15.01,1.8824,39.86,-1.91,-1.00,0.92,-0.78,"ema_trend:-0.19, higher_tf_trend:-0.30, rsi_momentum:-0.10"
SOLUSDT,BEARISH,1667088000000,1667606400000,32.8600,35.6713,confidence_threshold,stop_loss,-8.56,0.070,0.050,0.000,0.120,-8.68,518400000,18.21,1.8742,58.19,0.38,-1.00,0.92,-0.56,"ema_trend:-0.19, higher_tf_trend:-0.30, rsi_momentum:0.08"
SOLUSDT,BEARISH,1667692800000,1667779200000,36.8900,31.8761,confidence_threshold,take_profit,13.59,0.040,0.000,0.000,0.040,13.55,86400000,18.64,2.2284,68.30,3.07,-1.00,0.88,-0.24,"ema_trend:-0.05, higher_tf_trend:-0.30, rsi_momentum:0.18"
SOLUSDT,BEARISH,1667865600000,1667952000000,29.5900,23.7277,confidence_threshold,take_profit,19.81,0.040,0.000,0.000,0.040,19.77,86400000,18.15,2.6055,44.40,1.37,-1.00,0.78,-0.54,"ema_trend:-0.06, higher_tf_trend:-0.30, rsi_momentum:-0.05, volume_confirmation:-0.10"
SOLUSDT,BEARISH,1669248000000,1672272000000,14.3310,8.1348,confidence_threshold,take_profit,43.24,0.040,0.000,0.000,0.040,43.20,3024000000,44.58,2.7539,37.48,-21.71,-1.00,0.83,-0.89,"ema_trend:-0.25, higher_tf_trend:-0.30, rsi_momentum:-0.12"
SOLUSDT,BEARISH,1672358400000,1672617600000,9.6140,11.2174,confidence_threshold,stop_loss,-16.68,0.070,0.050,0.000,0.120,-16.80,259200000,42.34,1.0690,23.83,-8.75,-1.00,0.95,-1.00,"ema_trend:-0.25, higher_tf_trend:-0.30, rsi_momentum:-0.20, volume_confirmation:-0.20"
SOLUSDT,BEARISH,1672704000000,1672790400000,11.2590,12.8996,confidence_threshold,stop_loss,-14.57,0.070,0.050,0.000,0.120,-14.69,86400000,46.27,1.0938,43.62,-7.44,-1.00,0.92,-0.81,"ema_trend:-0.25, higher_tf_trend:-0.30, rsi_momentum:-0.06"
SOLUSDT,BEARISH,1672876800000,1673136000000,13.4050,15.2547,confidence_threshold,stop_loss,-13.80,0.070,0.050,0.000,0.120,-13.92,259200000,40.31,1.2331,59.18,-1.65,-1.00,0.89,-0.28,"ema_trend:-0.25, higher_tf_trend:-0.30, rsi_momentum:0.09, volume_confirmation:0.20"
SOLUSDT,BEARISH,1673222400000,1673308800000,14.4650,16.3326,confidence_threshold,stop_loss,-12.91,0.070,0.050,0.000,0.120,-13.03,86400000,32.09,1.2451,64.35,3.65,-1.00,0.83,-0.55,"ema_trend:-0.25, higher_tf_trend:-0.30, rsi_momentum:0.14"
SOLUSDT,BEARISH,1673395200000,1673568000000,16.1910,18.2474,confidence_threshold,stop_loss,-12.70,0.070,0.050,0.000,0.120,-12.82,172800000,33.11,1.3709,71.31,7.68,-1.00,0.95,-0.47,"ema_trend:-0.25, higher_tf_trend:-0.30, rsi_momentum:0.20, volume_confirmation:0.20"
SOLUSDT,BEARISH,1673654400000,1673740800000,18.2890,20.4766,confidence_threshold,stop_loss,-11.96,0.070,0.050,0.000,0.120,-12.08,86400000,34.64,1.4584,78.34,10.88,-1.00,1.00,-0.87,"ema_trend:-0.18, higher_tf_trend:-0.30, rsi_momentum:0.20"
SOLUSDT,BEARISH,1677888000000,1678320000000,21.4040,17.6468,confidence_threshold,take_profit,17.55,0.040,0.000,0.000,0.040,17.51,432000000,14.96,1.6699,44.16,-1.41,-1.00,0.92,-0.20,"ema_trend:0.20, higher_tf_trend:-0.30, rsi_momentum:-0.05"
SOLUSDT,BEARISH,1678406400000,1678579200000,17.3180,19.7416,confidence_threshold,stop_loss,-13.99,0.070,0.050,0.000,0.120,-14.11,172800000,20.35,1.6157,29.82,-5.98,-1.00,0.92,-0.82,"ema_trend:-0.03, higher_tf_trend:-0.30, rsi_momentum:-0.20, volume_confirmation:-0.11"
SOLUSDT,BEARISH,1678665600000,1679097600000,20.1930,22.8643,confidence_threshold,stop_loss,-13.23,0.070,0.050,0.000,0.120,-13.35,432000000,23.83,1.7809,46.21,-5.83,-1.00,0.89,-0.57,"ema_trend:-0.11, higher_tf_trend:-0.30, rsi_momentum:-0.03, volume_confirmation:-0.10"
SOLUSDT,BEARISH,1679184000000,1681257600000,21.2130,24.0807,confidence_threshold,stop_loss,-13.52,0.070,0.050,0.000,0.120,-13.64,2073600000,19.03,1.9118,51.57,-1.50,-1.00,0.89,-0.51,"ema_trend:-0.09, higher_tf_trend:-0.30, rsi_momentum:0.01"
SOLUSDT,BULLISH,1681516800000,1681862400000,24.7210,22.5628,confidence_threshold,stop_loss,-8.73,0.070,0.050,0.000,0.120,-8.85,345600000,18.34,1.4388,69.25,4.22,-1.00,0.89,0.21,"ema_trend:0.11, higher_tf_trend:-0.30, rsi_momentum:0.19, volume_confirmation:0.20"
SOLUSDT,BEARISH,1682121600000,1682726400000,21.2470,23.6417,confidence_threshold,stop_loss,-11.27,0.070,0.050,0.000,0.120,-11.39,604800000,22.24,1.5965,44.48,1.82,-1.00,0.92,-0.25,"ema_trend:0.16, higher_tf_trend:-0.30, rsi_momentum:-0.05"
SOLUSDT,BEARISH,1682812800000,1683676800000,23.1750,19.7835,confidence_threshold,take_profit,14.63,0.040,0.000,0.000,0.040,14.59,864000000,17.52,1.5073,55.27,0.57,-1.00,0.91,-0.21,"ema_trend:0.10, higher_tf_trend:-0.30, rsi_momentum:0.04"
SOLUSDT,BEARISH,1683763200000,1686268800000,20.9090,17.7867,confidence_threshold,take_profit,14.93,0.040,0.000,0.000,0.040,14.89,2505600000,14.57,1.3877,43.34,-1.83,-1.00,0.88,-0.72,"higher_tf_trend:-0.30, rsi_momentum:-0.06"
SOLUSDT,BEARISH,1686355200000,1686700800000,17.3840,14.5944,confidence_threshold,take_profit,16.05,0.040,0.000,0.000,0.040,16.01,345600000,18.82,1.2398,33.34,-2.94,-1.00,0.92,-0.82,"ema_trend:-0.15, higher_tf_trend:-0.30, rsi_momentum:-0.16"
SOLUSDT,BEARISH,1686787200000,1687219200000,14.4760,16.6026,confidence_threshold,stop_loss,-14.69,0.070,0.050,0.000,0.120,-14.81,432000000,32.17,1.4178,24.25,-9.31,-1.00,0.95,-0.88,"ema_trend:-0.25, higher_tf_trend:-0.30, rsi_momentum:-0.20, volume_confirmation:-0.11"
SOLUSDT,BEARISH,1687305600000,1688083200000,16.6320,18.4883,confidence_threshold,stop_loss,-11.16,0.070,0.050,0.000,0.120,-11.28,777600000,35.84,1.2375,43.34,-6.40,-1.00,0.92,-0.81,"ema_trend:-0.25, higher_tf_trend:-0.30, rsi_momentum:-0.06"
SOLUSDT,BEARISH,1688169600000,1688601600000,18.8580,20.9399,confidence_threshold,stop_loss,-11.04,0.070,0.050,0.000,0.120,-11.16,432000000,26.02,1.3879,58.82,0.27,-1.00,0.89,-0.33,"ema_trend:-0.25, higher_tf_trend:-0.30, rsi_momentum:0.08, volume_confirmation:0.15"
SOLUSDT,BEARISH,1688688000000,1688774400000,19.5920,21.6209,confidence_threshold,stop_loss,-10.36,0.070,0.050,0.000,0.120,-10.48,86400000,24.95,1.3526,61.14,3.68,-1.00,0.92,-0.40,"ema_trend:-0.11, higher_tf_trend:-0.30, rsi_momentum:0.11"
SOLUSDT,BEARISH,1692230400000,1692662400000,22.8110,19.7178,confidence_threshold,take_profit,13.56,0.040,0.000,0.000,0.040,13.52,432000000,22.43,1.3748,43.90,0.22,-1.00,0.92,-0.20,"ema_trend:0.20, higher_tf_trend:-0.30, rsi_momentum:-0.05"
SOLUSDT,BEARISH,1692748800000,1696118400000,20.5720,22.7846,confidence_threshold,stop_loss,-10.76,0.070,0.050,0.000,0.120,-10.88,3369600000,27.17,1.4751,34.78,-3.62,-1.00,0.88,-0.90,"higher_tf_trend:-0.30, rsi_momentum:-0.15"
SOLUSDT,BEARISH,1696204800000,1697068800000,23.8730,21.3836,confidence_threshold,take_profit,10.43,0.040,0.000,0.000,0.040,10.39,864000000,16.30,1.1064,74.91,3.10,-1.00,0.87,-0.67,"ema_trend:-0.07, higher_tf_trend:-0.30, rsi_momentum:0.20"
SOLUSDT,BEARISH,1697155200000,1697414400000,21.2740,23.0111,confidence_threshold,stop_loss,-8.17,0.070,0.050,0.000,0.120,-8.29,259200000,24.17,1.1580,48.35,2.17,-1.00,0.92,-0.24,"ema_trend:0.12, higher_tf_trend:-0.30, rsi_momentum:-0.01"
SOLUSDT,BEARISH,1698278400000,1698710400000,32.4460,35.5407,confidence_threshold,stop_loss,-9.54,0.070,0.050,0.000,0.120,-9.66,432000000,41.58,2.0631,76.44,10.77,-1.00,0.95,-0.28,"ema_trend:0.25, higher_tf_trend:-0.30, rsi_momentum:0.20, volume_confirmation:-0.16"
SOLUSDT,BEARISH,1699056000000,1699315200000,39.4970,43.8756,confidence_threshold,stop_loss,-11.09,0.070,0.050,0.000,0.120,-11.21,259200000,62.65,2.9190,76.71,13.62,-1.00,0.95,-0.27,"ema_trend:0.25, higher_tf_trend:-0.30, rsi_momentum:0.20, volume_confirmation:-0.15"
SOLUSDT,BULLISH,1699920000000,1700006400000,51.6620,62.7911,confidence_threshold,take_profit,21.54,0.040,0.000,0.000,0.040,21.50,86400000,75.59,4.9462,72.31,15.76,-0.33,0.91,0.27,"ema_trend:0.25, higher_tf_trend:-0.10, rsi_momentum:0.20"
SOLUSDT,BULLISH,1700092800000,1700179200000,65.5060,57.2239,confidence_threshold,stop_loss,-12.64,0.070,0.050,0.000,0.120,-12.76,86400000,75.77,5.5214,82.32,17.20,-0.33,0.91,0.27,"ema_trend:0.25, higher_tf_trend:-0.10, rsi_momentum:0.20"
SOLUSDT,BULLISH,1700265600000,1701993600000,58.4900,72.0347,confidence_threshold,take_profit,23.16,0.040,0.000,0.000,0.040,23.12,1728000000,75.59,6.0199,67.92,15.30,-0.33,0.85,0.44,"ema_trend:0.25, higher_tf_trend:-0.10, rsi_momentum:0.18"
SOLUSDT,BULLISH,1702080000000,1702252800000,74.9800,67.1281,confidence_threshold,stop_loss,-10.47,0.070,0.050,0.000,0.120,-10.59,172800000,52.89,5.2346,74.73,7.42,1.00,1.00,1.00,"ema_trend:0.25, higher_tf_trend:0.30, rsi_momentum:0.20"
SOLUSDT,BULLISH,1702339200000,1703030400000,70.2860,83.0875,confidence_threshold,take_profit,18.21,0.040,0.000,0.000,0.040,18.17,691200000,51.86,5.6896,62.92,8.14,1.00,0.92,0.90,"ema_trend:0.25, higher_tf_trend:0.30, rsi_momentum:0.13"
SOLUSDT,BULLISH,1703116800000,1703203200000,82.2430,97.0615,confidence_threshold,take_profit,18.02,0.040,0.000,0.000,0.040,17.98,86400000,38.29,6.5860,68.20,6.59,1.00,0.92,0.97,"ema_trend:0.25, higher_tf_trend:0.30, rsi_momentum:0.18"
SOLUSDT,BULLISH,1703289600000,1703376000000,97.9620,114.4249,confidence_threshold,take_profit,16.81,0.040,0.000,0.000,0.040,16.77,86400000,40.19,7.3168,77.16,10.67,1.00,1.00,1.00,"ema_trend:0.25, higher_tf_trend:0.30, rsi_momentum:0.20"
SOLUSDT,BULLISH,1703462400000,1703721600000,112.5710,100.1497,confidence_threshold,stop_loss,-11.03,0.070,0.050,0.000,0.120,-11.15,259200000,43.73,8.2809,82.50,14.76,1.00,1.00,1.00,"ema_trend:0.25, higher_tf_trend:0.30, rsi_momentum:0.20"
SOLUSDT,BULLISH,1703808000000,1704153600000,101.9130,106.8300,confidence_threshold,force_close,4.82,0.070,0.050,0.000,0.120,4.70,345600000,46.72,10.0185,63.12,13.75,1.00,0.92,0.90,"ema_trend:0.25, higher_tf_trend:0.30, rsi_momentum:0.13"
